{
    "uvs":[],
    "metadata":{
        "normals":15,
        "type":"Geometry",
        "version":3,
        "uvs":0,
        "generator":"io_three",
        "vertices":40,
        "faces":30
    },
    "normals":[-1,0,0,-0,0,-1,1,0,0,0,0,1,0,-1,0,0,1,-2.38419e-07,-0,0,1,0,-1,-0,0,1,-4.76837e-08,0,-2.38419e-07,-1,0,2.38419e-07,1,0,-1,5.96046e-08,0,1,-5.96046e-08,0,1,-3.97364e-08,0,1.19209e-07,1],
    "vertices":[-10,6,-6,-10,10,-6,-10,6,-10,-10,10,-10,10,6,-6,10,10,-6,10,6,-10,10,10,-10,-10,-10,10,-10,-6,10,-10,-10,-10,-10,-6,-10,10,-10,10,10,-6,10,10,-10,-10,10,-6,-10,-10,-6,6,-10,-2,6,-10,-6,-10,-10,-2,-10,10,-6,6,10,-2,6,10,-6,-10,10,-2,-10,-10,-2,2,-10,2,2,-10,-2,-10,-10,2,-10,10,-2,2,10,2,2,10,-2,-10,10,2,-10,-10,2,-2,-10,6,-2,-10,2,-10,-10,6,-10,10,2,-2,10,6,-2,10,2,-10,10,6,-10],
    "faces":[33,0,1,3,2,0,0,0,0,33,2,3,7,6,1,1,1,1,33,6,7,5,4,2,2,2,2,33,1,0,4,5,3,3,3,3,33,4,0,2,6,4,4,4,4,33,7,3,1,5,5,5,5,5,33,8,9,11,10,0,0,0,0,33,10,11,15,14,1,1,1,1,33,14,15,13,12,2,2,2,2,33,12,13,9,8,6,6,6,6,33,10,14,12,8,7,7,7,7,33,15,11,9,13,8,8,8,8,33,16,17,19,18,0,0,0,0,33,18,19,23,22,9,9,9,9,33,22,23,21,20,2,2,2,2,33,20,21,17,16,10,10,10,10,33,18,22,20,16,11,11,11,11,33,23,19,17,21,12,12,12,12,33,24,25,27,26,0,0,0,0,33,26,27,31,30,1,1,1,1,33,30,31,29,28,2,2,2,2,33,28,29,25,24,6,6,6,6,33,26,30,28,24,7,7,7,7,33,31,27,25,29,13,13,13,13,33,32,33,35,34,0,0,0,0,33,34,35,39,38,1,1,1,1,33,38,39,37,36,2,2,2,2,33,36,37,33,32,14,14,14,14,33,34,38,36,32,11,11,11,11,33,39,35,33,37,12,12,12,12]
}